[
  {
    "id": "1c303983-1453-4018-a55a-214465fa1539",
    "data": [
      {
        "text": "could you order pizza ",
        "userDefined": false
      },
      {
        "text": "here",
        "meta": "@sys.address",
        "alias": "address",
        "userDefined": true
      }
    ],
    "isTemplate": false,
    "count": 0,
    "lang": "en",
    "updated": 0
  },
  {
    "id": "38757fae-e066-423b-ade2-c3506f8508be",
    "data": [
      {
        "text": "could you order me pizza ",
        "userDefined": false
      },
      {
        "text": "now",
        "meta": "@sys.date-time",
        "alias": "date-time",
        "userDefined": true
      }
    ],
    "isTemplate": false,
    "count": 0,
    "lang": "en",
    "updated": 0
  },
  {
    "id": "0ab9f0ec-444c-4655-adaa-52a0432ae3b9",
    "data": [
      {
        "text": "could you add ",
        "userDefined": false
      },
      {
        "text": "toppings",
        "meta": "@toppings",
        "alias": "toppings",
        "userDefined": true
      },
      {
        "text": " to the pizza",
        "userDefined": false
      }
    ],
    "isTemplate": false,
    "count": 0,
    "lang": "en",
    "updated": 0
  },
  {
    "id": "993f2082-bfa0-41ba-8089-2c1708c94174",
    "data": [
      {
        "text": "could you order me small size pizza ",
        "userDefined": false
      },
      {
        "text": "size",
        "meta": "@size",
        "alias": "size",
        "userDefined": true
      }
    ],
    "isTemplate": false,
    "count": 0,
    "lang": "en",
    "updated": 0
  },
  {
    "id": "eb7e0794-40d8-477a-b97e-087f79ae545f",
    "data": [
      {
        "text": "order me pizza to the phone number ",
        "userDefined": false
      },
      {
        "text": "number",
        "meta": "@sys.phone-number",
        "alias": "phone-number",
        "userDefined": true
      }
    ],
    "isTemplate": false,
    "count": 0,
    "lang": "en",
    "updated": 0
  },
  {
    "id": "72d3ec2d-57d0-42d6-88e6-6fc9148871a4",
    "data": [
      {
        "text": "order me pizza to the email id ",
        "userDefined": false
      },
      {
        "text": "mail",
        "meta": "@sys.email",
        "alias": "email",
        "userDefined": true
      }
    ],
    "isTemplate": false,
    "count": 0,
    "lang": "en",
    "updated": 0
  }
]